model_name,accuracy,loss
random_forest,0.7218,
random_forest_stem,0.7262,
random_forest_lem,0.7188,
vanilla_nn,0.7283999919891357,0.6173797845840454
stemming_nn,0.7351999878883362,0.6109999418258667
lemmatization_nn,0.7318000197410583,0.6173157691955566
glove_cnn,0.7803699970245361,0.4757730066776275
glove_lstm_nn,0.7917600274085999,0.44890278577804565
