model_name,accuracy,loss
vanilla,0.7541999816894531,0.5088517069816589
stemming,0.7527999877929688,0.5081074833869934
lemmatization,0.7545999884605408,0.5084425806999207
vanilla,0.753000020980835,0.5116989016532898
stemming,0.7523999810218811,0.5082346796989441
lemmatization,0.753000020980835,0.50898277759552
